FeatureID,Taxon,Confidence,donor,conditions
6a003accc15f14938ed5a27a66192365,k__Bacteria; p__Firmicutes; c__Clostridia; o__Clostridiales; f__Ruminococcaceae; g__Faecalibacterium; s__prausnitzii,0.999929807749223,1,"BHI,GAM,LB,feces"
782a79a0725adc6ac22fc1fd15933a12,k__Bacteria; p__Firmicutes; c__Erysipelotrichi; o__Erysipelotrichales; f__Erysipelotrichaceae; g__[Eubacterium]; s__biforme,0.999999999998636,1,"BG,GAM,MRS,RCM,feces,liver"
4c2203438c83bb0b8f26d45a74db1367,k__Bacteria; p__Firmicutes; c__Clostridia; o__Clostridiales; f__Lachnospiraceae; g__Roseburia,0.999653933054128,1,"LB,feces"
0bc347b27ef8164a35a14e6c0ef8fdef,k__Bacteria; p__Firmicutes; c__Clostridia; o__Clostridiales; f__Lachnospiraceae; g__Coprococcus; s__,0.998091755446016,1,"BB,GAM,feces"
e245e78180c94721cfe8b77b104af0bc,k__Bacteria; p__Firmicutes; c__Clostridia; o__Clostridiales; f__Lachnospiraceae,0.999981468217692,2,"GAM,feces"
ca9cf3f426056b8af4bc32a34838a7ec,k__Bacteria; p__Firmicutes; c__Clostridia; o__Clostridiales; f__Lachnospiraceae; g__Coprococcus; s__,0.885790076659815,3,"BB,feces"
b23dee3dd2e0c370f4de6668a7c64ffa,k__Bacteria; p__Bacteroidetes; c__Bacteroidia; o__Bacteroidales; f__Rikenellaceae; g__; s__,0.874712651455212,3,"BB,BG,BHI,GAM,GMM,LB,feces"
5e50a007ea9a7f83275157c158916fcc,k__Bacteria; p__Bacteroidetes; c__Bacteroidia; o__Bacteroidales; f__Rikenellaceae; g__; s__,0.999972645773075,3,"BB,feces"
daaadece2fca9e11c88985e34ab5d630,k__Bacteria; p__Bacteroidetes; c__Bacteroidia; o__Bacteroidales; f__[Barnesiellaceae],0.883277967409665,3,"BG,feces"
e4ef1c7b616eb842c0ff7a327e83bd76,k__Bacteria; p__Bacteroidetes; c__Bacteroidia; o__Bacteroidales; f__Porphyromonadaceae; g__Parabacteroides,0.999999957449202,3,"BB,BG,BHI,GAM,GMM,LB,RCM,TB,feces"
d8a42db5c61062f2a7b11fcdf03a65d5,k__Bacteria; p__Firmicutes; c__Clostridia; o__Clostridiales; f__Lachnospiraceae,0.996275565644805,3,"BB,feces"
75e188a7b9801b4e1c10bcf1fa82ce03,k__Bacteria; p__Firmicutes; c__Clostridia; o__Clostridiales; f__Lachnospiraceae; g__Roseburia,0.999750283961238,3,"BB,GAM,LB,feces,liver"
e810c05ef3bbd54aa5c5ca517bf5d983,k__Bacteria; p__Bacteroidetes; c__Bacteroidia; o__Bacteroidales; f__Bacteroidaceae; g__Bacteroides; s__,0.972361973637629,3,"BB,BG,BHI,GAM,GMM,LB,RCM,TB,feces,liver"
f3384f1f36a908bd09b3c265bac26f8c,k__Bacteria; p__Proteobacteria; c__Gammaproteobacteria; o__Pasteurellales; f__Pasteurellaceae; g__Aggregatibacter; s__,0.926324960347372,3,"GAM,TB,feces"
ab3337119e2273b32a31f114a48576e9,k__Bacteria; p__Proteobacteria; c__Betaproteobacteria; o__Burkholderiales; f__Alcaligenaceae; g__Sutterella; s__,0.999995773570525,4,"BB,BG,BHI,GAM,GMM,LB,MRS,RCM,TB,feces,liver"
25acfb0521d3fca92c68d6b122b6534d,k__Bacteria; p__Firmicutes; c__Clostridia; o__Clostridiales; f__Ruminococcaceae; g__Faecalibacterium; s__prausnitzii,0.99989947288274,4,"BB,BG,BHI,GAM,RCM,TB,feces"
58eda7902135ac6a5114cef370240f92,k__Bacteria; p__Tenericutes; c__Mollicutes; o__RF39; f__; g__; s__,0.999999998982972,5,"LB,MRS,feces"
134df4d2c6938150e698ee8038e9b2ae,k__Bacteria; p__Firmicutes; c__Clostridia; o__Clostridiales; f__Ruminococcaceae; g__; s__,0.770027910334303,5,"BG,GAM,feces"
55d208732b0e4b675f7b8b82d3ef6584,k__Bacteria; p__Bacteroidetes; c__Bacteroidia; o__Bacteroidales; f__Bacteroidaceae; g__Bacteroides; s__,0.826138679312407,5,"BB,BG,BHI,GAM,LB,MRS,feces,liver"
7ed80d56d82370f52aa40aa5320d1a9d,k__Bacteria; p__Firmicutes; c__Clostridia; o__Clostridiales; f__Lachnospiraceae,0.999968035633174,5,"BB,BG,GAM,MRS,RCM,feces"
1f133c22c4e4a1c932a795f1b99c9005,k__Bacteria; p__Proteobacteria; c__Deltaproteobacteria; o__Desulfovibrionales; f__Desulfovibrionaceae; g__; s__,0.999994957475631,5,"GAM,feces"
4d334598e144b1d31c0b92a301b5cc68,k__Bacteria; p__Firmicutes; c__Clostridia; o__Clostridiales; f__Lachnospiraceae; g__; s__,0.890203618245728,5,"BG,GMM,RCM,feces"
23d6e67ff377b63cc8506920f662b5a5,k__Bacteria; p__Firmicutes; c__Clostridia; o__Clostridiales; f__Lachnospiraceae; g__; s__,0.777094864779479,5,"BB,BG,GAM,feces,liver"
7759604db6eb1f89e430cab74dcbc5df,k__Bacteria; p__Bacteroidetes; c__Bacteroidia; o__Bacteroidales; f__; g__; s__,0.99975459906792,5,"BB,BG,LB,RCM,TB,feces"
52b0b029f6448668cdc257436616a55a,k__Bacteria; p__Tenericutes; c__Mollicutes; o__RF39; f__; g__; s__,0.999999999693003,5,"BB,BG,BHI,GAM,GMM,LB,feces"
69636c94171dbf54c2e3057c0e47adf7,k__Bacteria; p__Firmicutes; c__Clostridia; o__Clostridiales; f__Lachnospiraceae,0.999981391823149,5,"BB,BG,GAM,MRS,RCM,feces"
7da58db581819eaa58944eff8af7bbf3,k__Bacteria; p__Firmicutes; c__Clostridia; o__Clostridiales; f__; g__; s__,0.999835861200482,5,"BB,BG,GAM,feces,liver"
cf2291d2cc448ad6d8085c9496d3fad1,k__Bacteria; p__Firmicutes; c__Clostridia; o__Clostridiales; f__Lachnospiraceae; g__; s__,0.836809540172265,5,"BB,BG,BHI,GAM,GMM,LB,RCM,TB,feces,liver"
74792adac452eb3544cdc17064d6bbee,k__Bacteria; p__Proteobacteria; c__Deltaproteobacteria; o__Desulfovibrionales; f__Desulfovibrionaceae; g__Desulfovibrio; s__,0.998217764736899,5,"BB,BG,GAM,GMM,LB,MRS,RCM,TB,feces,liver"
cc4a5e72dd15f27b320fc8fc6f703526,k__Bacteria; p__Tenericutes; c__Mollicutes; o__RF39; f__; g__; s__,0.999999999998948,5,"BB,BG,BHI,GAM,LB,MRS,RCM,feces,liver"
1a480d07acef755b9599c6dccc425db1,k__Bacteria; p__Bacteroidetes; c__Bacteroidia; o__Bacteroidales; f__; g__; s__,0.999446457864091,5,"BB,BG,BHI,GAM,LB,feces"
74d15e99155c71ec330c7f2c84d44372,k__Bacteria; p__Firmicutes; c__Clostridia; o__Clostridiales; f__Lachnospiraceae; g__Pseudobutyrivibrio; s__,0.966511563581326,5,"BB,BG,BHI,GAM,RCM,feces,liver"
ff3a818a224b7b442a3a1539447aa2ca,k__Bacteria; p__Tenericutes; c__Mollicutes; o__Anaeroplasmatales; f__Anaeroplasmataceae; g__; s__,0.999999999832113,5,"BB,BG,RCM,feces"
7c104699e795bbf45f90fceac906e6b4,k__Bacteria; p__Firmicutes; c__Clostridia; o__Clostridiales; f__; g__; s__,0.997882144002615,5,"BB,BG,GAM,LB,feces"
45ddc69a3fbf19ff4953211c157cb9ac,k__Bacteria; p__Bacteroidetes; c__Bacteroidia; o__Bacteroidales; f__Prevotellaceae; g__Prevotella; s__,0.999980041139638,5,"BG,MRS,RCM,feces,liver"
9e525f9df828ef9b13a3759a580ac619,k__Bacteria; p__Firmicutes; c__Clostridia; o__Clostridiales; f__Lachnospiraceae; g__Dorea; s__,0.999877939529457,5,"BHI,GAM,GMM,LB,RCM,TB,feces"
547ed9d63f007845c48db64ef3e5aab6,k__Bacteria; p__Bacteroidetes; c__Bacteroidia; o__Bacteroidales; f__Bacteroidaceae; g__Bacteroides; s__caccae,0.727150320164746,5,"BB,BG,BHI,GAM,GMM,LB,MRS,RCM,TB,feces"
f55d22a8e61d493b7f4c5e3f09326add,k__Bacteria; p__Firmicutes; c__Clostridia; o__Clostridiales; f__Lachnospiraceae; g__Butyrivibrio; s__crossotus,0.998802318489581,5,"BB,BG,BHI,GAM,GMM,LB,MRS,RCM,feces,liver"
cdd37bf6e8506dcc29118e052833081b,k__Bacteria; p__Firmicutes; c__Erysipelotrichi; o__Erysipelotrichales; f__Erysipelotrichaceae; g__; s__,0.755543528732517,5,"BB,BG,BHI,GAM,LB,feces,liver"
a7c8972a2597386f76b4aa82e337c6d1,k__Bacteria; p__Bacteroidetes; c__Bacteroidia; o__Bacteroidales; f__; g__; s__,0.999503483706111,5,"BB,GMM,feces"
6c1813a68fa63a95abd1d61204b8837a,k__Bacteria; p__Firmicutes; c__Clostridia; o__Clostridiales; f__Lachnospiraceae; g__Blautia; s__,0.728157379308818,5,"BG,RCM,feces"
5a50722683ef28c01410df9859095b71,k__Bacteria; p__Firmicutes; c__Clostridia; o__Clostridiales; f__Ruminococcaceae; g__Ruminococcus; s__,0.875433137777175,5,"BB,BG,BHI,GAM,LB,feces,liver"
bea2245c01baedd6d4a6d6e4e857f9f6,k__Bacteria; p__Bacteroidetes; c__Bacteroidia; o__Bacteroidales; f__[Odoribacteraceae]; g__Butyricimonas; s__,1,5,"BB,BG,BHI,GAM,GMM,LB,MRS,feces,liver"
8d285f20c373b48b4e80c0f84937935b,k__Bacteria; p__Lentisphaerae; c__[Lentisphaeria]; o__Victivallales; f__Victivallaceae; g__; s__,0.999999999836078,5,"BB,feces,liver"
77dd3e288a6bb1b5c37ac6630fb50872,k__Bacteria; p__Firmicutes; c__Clostridia; o__Clostridiales; f__Lachnospiraceae; g__Coprococcus; s__eutactus,0.999998016285253,5,"BB,BG,BHI,GAM,RCM,feces,liver"
b5bf9b4ab6cdb47375210825e00a653c,k__Bacteria; p__Firmicutes; c__Clostridia; o__Clostridiales; f__; g__; s__,0.979227933518451,5,"BB,feces"
6b2ddef408d50cd0e2dcf59cb7c65dac,k__Bacteria; p__Proteobacteria; c__Alphaproteobacteria; o__RF32; f__; g__; s__,0.999999999997016,5,"BB,BHI,RCM,feces"
c0a8f5074b73b0648d1a21b1f3d8ffaf,k__Bacteria; p__Firmicutes; c__Clostridia; o__Clostridiales; f__Clostridiaceae; g__02d06; s__,0.816968334253191,5,"BB,feces"
a9e2afd4297fd011649a216315249232,k__Bacteria; p__Bacteroidetes; c__Bacteroidia; o__Bacteroidales; f__Prevotellaceae; g__; s__,0.995955086264761,5,"BG,BHI,feces"
2d41907ed4c06ed91a5d28cf003315e8,k__Bacteria; p__Cyanobacteria; c__4C0d-2; o__YS2; f__; g__; s__,0.999999999653866,5,"BB,GAM,LB,feces"
883b586b675d89530ca639b5062b6fe0,k__Bacteria; p__Firmicutes; c__Clostridia; o__Clostridiales; f__Lachnospiraceae; g__Blautia; s__,0.999948912480108,6,"BB,BG,feces"
390e89520f9c5d73021e365114f1fab6,k__Bacteria; p__Firmicutes; c__Clostridia; o__Clostridiales; f__Lachnospiraceae; g__Coprococcus; s__,0.999449879059462,6,"BB,BG,BHI,GAM,GMM,LB,MRS,RCM,feces,liver"
b2062ae94fb00a931014b67b499295a8,k__Bacteria; p__Bacteroidetes; c__Bacteroidia; o__Bacteroidales; f__Bacteroidaceae; g__Bacteroides; s__,0.999996633738913,7,"BB,BG,BHI,GAM,GMM,LB,MRS,RCM,TB,feces,liver"
e603a72ebbc7a4fcb5a657b52c3e8c50,k__Bacteria; p__Proteobacteria; c__Alphaproteobacteria; o__RF32; f__; g__; s__,0.999999999757776,7,"MRS,feces"
f6d3fbe0b1cc8cef1ab66ede417a70af,k__Bacteria; p__Firmicutes; c__Clostridia; o__Clostridiales; f__; g__; s__,0.99989286018081,7,"BG,MRS,feces"
a383bbf0dc0a9f5c17cf3303b55af028,k__Bacteria; p__Firmicutes; c__Clostridia; o__Clostridiales; f__Ruminococcaceae; g__Faecalibacterium; s__prausnitzii,0.999042394535637,7,"BB,BG,BHI,GAM,LB,MRS,RCM,feces,liver"
997636798be597322d139bafba6e6ef3,k__Bacteria; p__Firmicutes; c__Clostridia; o__Clostridiales; f__Lachnospiraceae; g__Roseburia; s__faecis,0.852058291286188,8,"BB,BG,BHI,GAM,LB,MRS,RCM,feces"
12615dfed222d35c1582cbd6cef48013,k__Bacteria; p__Firmicutes; c__Clostridia; o__Clostridiales; f__Lachnospiraceae; g__Dorea; s__,0.98686035617519,8,"GMM,feces"
b31d68835edbbe2d3abfa05a8d9f7f7f,k__Bacteria; p__Firmicutes; c__Clostridia; o__Clostridiales; f__Ruminococcaceae,0.726941700039868,9,"BB,LB,RCM,feces"
ea7823427b5854bc784da136aa27d777,k__Bacteria; p__Firmicutes; c__Clostridia; o__Clostridiales; f__Ruminococcaceae,0.999909798963461,9,"BHI,GMM,LB,TB,feces"
77acd9319c16e14fcc650ad0104a0911,k__Bacteria; p__Firmicutes; c__Clostridia; o__Clostridiales; f__Ruminococcaceae; g__; s__,0.913316645372684,9,"BB,BG,GMM,LB,RCM,TB,feces,liver"
0c4b245c4b7c443e975c79c61b5d6281,k__Bacteria; p__Bacteroidetes; c__Bacteroidia; o__Bacteroidales; f__[Odoribacteraceae]; g__Butyricimonas; s__,0.999999999861643,9,"BB,GMM,LB,feces"
66a9101067d5d8c3ba7bb71b3043276d,k__Bacteria; p__Proteobacteria; c__Deltaproteobacteria; o__Desulfovibrionales; f__Desulfovibrionaceae; g__Desulfovibrio; s__,0.999308591877377,9,"BB,feces"
412b0b2c43975195a230e493a7a2b763,k__Bacteria; p__Bacteroidetes; c__Bacteroidia; o__Bacteroidales; f__[Barnesiellaceae]; g__; s__,0.999026940637249,9,"BB,BG,feces"
d1a75593a480570277f05ec729b865de,k__Bacteria; p__Firmicutes; c__Clostridia; o__Clostridiales; f__Lachnospiraceae; g__[Ruminococcus]; s__gnavus,0.999633979688318,9,"GMM,feces"
a9c65f22ab35a2635324961ee4e44023,k__Bacteria; p__Firmicutes; c__Clostridia; o__Clostridiales; f__Ruminococcaceae; g__; s__,0.813928115514008,9,"BB,feces"
5ed38a7eb43a9c0039bff8d07a191952,k__Bacteria; p__Proteobacteria; c__Betaproteobacteria; o__Burkholderiales; f__Alcaligenaceae; g__Sutterella; s__,0.999999990700431,10,"BG,GAM,LB,MRS,RCM,feces"
4017cee2fb4742937654043bc57c8ecd,k__Bacteria; p__Bacteroidetes; c__Bacteroidia; o__Bacteroidales; f__[Barnesiellaceae]; g__; s__,0.788258170038373,10,"BB,BG,BHI,GMM,LB,RCM,TB,feces,liver"
9901f89854fe4acd25a03bb0041d1171,k__Bacteria; p__Bacteroidetes; c__Bacteroidia; o__Bacteroidales; f__Bacteroidaceae; g__Bacteroides; s__eggerthii,0.999911462853482,11,"BG,MRS,TB,feces"
16adc68bae4d98a05d6a268956eddf7a,k__Bacteria; p__Bacteroidetes; c__Bacteroidia; o__Bacteroidales; f__Bacteroidaceae; g__Bacteroides,0.999999999213656,11,"BG,BHI,GAM,GMM,LB,TB,feces"
43119e5f1eb41e9ee1776d7a6504126f,k__Bacteria; p__Firmicutes; c__Clostridia; o__Clostridiales; f__; g__; s__,0.991850395055302,12,"feces,liver"
2b72aab73915acdca79e8d488b1a53ed,k__Bacteria; p__Bacteroidetes; c__Bacteroidia; o__Bacteroidales; f__Porphyromonadaceae; g__Parabacteroides; s__,0.996231868488881,12,"BB,BG,GMM,RCM,TB,feces"
8af49bc8a804f6d85ca5fa00a7c9dda8,k__Bacteria; p__Firmicutes; c__Clostridia; o__Clostridiales; f__Veillonellaceae; g__Dialister; s__,0.999999994461376,12,"BB,BG,BHI,GAM,GMM,LB,RCM,TB,feces,liver"
19fce5f720fdabaf8326bc26ddee69c3,k__Bacteria; p__Bacteroidetes; c__Bacteroidia; o__Bacteroidales; f__Rikenellaceae; g__; s__,0.969346140178323,12,"BG,BHI,GMM,LB,RCM,TB,feces"
ad03570a6623c3fe543fb52f514b234f,k__Bacteria; p__Firmicutes; c__Clostridia; o__Clostridiales; f__Ruminococcaceae; g__Ruminococcus; s__,0.934435025996893,12,"feces,liver"
e31ef2179f7955e1beb40fc215710a82,k__Bacteria; p__Bacteroidetes; c__Bacteroidia; o__Bacteroidales; f__Porphyromonadaceae; g__Parabacteroides; s__,0.97572359975504,12,"BG,BHI,GAM,GMM,RCM,TB,feces"
29e96f23957a25f2efd581e6cb8fb41a,k__Bacteria; p__Firmicutes; c__Clostridia; o__Clostridiales; f__Clostridiaceae; g__Clostridium; s__,0.971378159239038,13,"GMM,LB,feces"
3cdd5aad050b728ee09ba86a9f57e411,k__Bacteria; p__Firmicutes; c__Clostridia; o__Clostridiales; f__Lachnospiraceae; g__Roseburia; s__faecis,0.75398317986778,13,"BB,BG,BHI,RCM,feces"
2f5aec7a7b202c2d8d6be290faa11c61,k__Bacteria; p__Bacteroidetes; c__Bacteroidia; o__Bacteroidales; f__Bacteroidaceae; g__Bacteroides; s__ovatus,0.998975470152474,13,"BHI,GMM,LB,TB,feces"
148830289a9b0426a4de7699eae765c5,k__Bacteria; p__Bacteroidetes; c__Bacteroidia; o__Bacteroidales; f__Bacteroidaceae; g__Bacteroides; s__ovatus,0.980749552217302,13,"GMM,LB,MRS,TB,feces"
b545b1bf3250431221d98ba37301febd,k__Bacteria; p__Firmicutes; c__Clostridia; o__Clostridiales; f__Lachnospiraceae; g__Roseburia; s__,0.70320165006107,13,"BG,BHI,LB,RCM,feces"
1b40855f894139ee825ba676916e6644,k__Bacteria; p__Bacteroidetes; c__Bacteroidia; o__Bacteroidales; f__Bacteroidaceae; g__Bacteroides; s__ovatus,0.993587251980019,13,"BB,BG,BHI,GAM,GMM,LB,MRS,RCM,TB,feces,liver"
2ba5dfeae7b0cd51aa93cc14470ace6c,k__Bacteria; p__Proteobacteria; c__Betaproteobacteria; o__Burkholderiales; f__Alcaligenaceae; g__Sutterella; s__,0.99999999396772,13,"BG,GAM,LB,MRS,RCM,TB,feces"
eebc27bcf8bcb13a692001530892f5d5,k__Bacteria; p__Firmicutes; c__Clostridia; o__Clostridiales; f__Veillonellaceae; g__Phascolarctobacterium; s__,0.999790519510298,13,"BB,BG,BHI,GAM,GMM,LB,MRS,RCM,TB,feces,liver"
0fd672291b9b2013b63d4b3ab74a11a2,k__Bacteria; p__Cyanobacteria; c__4C0d-2; o__YS2; f__; g__; s__,0.999999999999602,14,"BG,feces"
7fc305d0fa0797126f46780925645d78,k__Bacteria; p__Firmicutes; c__Clostridia; o__Clostridiales; f__Lachnospiraceae,0.990710170712722,14,"RCM,feces"
c1100fa3e5b9bf26fb88f4b7fe3ed488,k__Bacteria; p__Bacteroidetes; c__Bacteroidia; o__Bacteroidales; f__[Barnesiellaceae]; g__; s__,0.802633947337831,14,"BG,RCM,feces"
8780573285add84fcefbdc130a7189e6,k__Bacteria; p__Firmicutes; c__Clostridia; o__Clostridiales; f__Lachnospiraceae; g__Coprococcus; s__,0.996403963914653,14,"BG,GMM,feces"
2b80da89ac37fabd2766fc7aec979bdc,k__Bacteria; p__Firmicutes; c__Clostridia; o__Clostridiales; f__Lachnospiraceae; g__Dorea; s__,0.99988975059263,14,"BG,BHI,GAM,GMM,LB,MRS,RCM,TB,feces,liver"
44396f15b10f6577d61a11c6047c939f,k__Archaea; p__Euryarchaeota; c__Methanobacteria; o__Methanobacteriales; f__Methanobacteriaceae; g__Methanobrevibacter; s__,0.99999999770516,14,"BHI,GMM,TB,feces"
68852d93763a08c7bf7ef7af38d9b182,k__Bacteria; p__Firmicutes; c__Clostridia; o__Clostridiales; f__Lachnospiraceae; g__; s__,0.901798443014672,14,"BG,BHI,GAM,feces,liver"
24d63a70d054129c4a4fb94beb414226,k__Bacteria; p__Firmicutes; c__Clostridia; o__Clostridiales; f__Ruminococcaceae; g__Oscillospira; s__,0.998495123471393,14,"BG,BHI,GAM,LB,feces"
b1f0b65b560701f74c4f43db4234d6c9,k__Bacteria; p__Firmicutes; c__Clostridia; o__Clostridiales; f__Ruminococcaceae; g__; s__,0.757310660404793,15,"BG,RCM,feces"
3b010dbd9eae72a79f11af5d24eb3ca3,k__Bacteria; p__Verrucomicrobia; c__Verrucomicrobiae; o__Verrucomicrobiales; f__Verrucomicrobiaceae; g__Akkermansia; s__muciniphila,0.999999999996817,15,"BG,GAM,GMM,RCM,feces,liver"
1c2edba6f16fd68a4972f9933d463941,k__Bacteria; p__Bacteroidetes; c__Bacteroidia; o__Bacteroidales; f__[Odoribacteraceae]; g__Butyricimonas; s__,1,15,"BG,GAM,feces"
9cf96e4fdb5e4949eedd7a9a8ba2fdf7,k__Bacteria; p__Firmicutes; c__Clostridia; o__Clostridiales; f__; g__; s__,0.999975967323163,15,"RCM,feces"
758cee8eee8e1c085b11e2cc2769e8b4,k__Bacteria; p__Bacteroidetes; c__Bacteroidia; o__Bacteroidales; f__Bacteroidaceae; g__Bacteroides; s__,0.999996477125729,15,"BG,BHI,RCM,feces"
67ff63effe32643d6b138c80782eb096,k__Bacteria; p__Firmicutes; c__Clostridia; o__Clostridiales; f__Ruminococcaceae; g__Ruminococcus; s__bromii,0.999882742712477,16,"GMM,MRS,RCM,feces"
bd3bbca5aad5457e69027d3c0524dfbe,k__Bacteria; p__Firmicutes; c__Clostridia; o__Clostridiales; f__Lachnospiraceae; g__; s__,0.976796311857617,16,"BHI,GAM,MRS,TB,feces"
7f13e5e9ab2e78176c4c31f85f884248,k__Bacteria; p__Firmicutes; c__Clostridia; o__Clostridiales; f__[Mogibacteriaceae]; g__; s__,0.999987166840634,16,"LB,feces"
6dbad323186b58b8b8f4c5c1c36040d5,k__Bacteria; p__Bacteroidetes; c__Bacteroidia; o__Bacteroidales; f__Prevotellaceae; g__Prevotella; s__copri,0.999995488843425,16,"BB,MRS,feces"
611ddfdca94678e0c61526021f231bf0,k__Bacteria; p__Bacteroidetes; c__Bacteroidia; o__Bacteroidales; f__Bacteroidaceae; g__Bacteroides,0.999999999677387,16,"BG,BHI,GAM,GMM,LB,MRS,RCM,TB,feces"
1c719e69d668107c05bdba29829217c5,k__Bacteria; p__Proteobacteria; c__Deltaproteobacteria; o__Desulfovibrionales; f__Desulfovibrionaceae; g__; s__,0.999969041909275,16,"BG,feces"
2b56de62bab3c2eff2727bcb51c40eb1,k__Bacteria; p__Firmicutes; c__Clostridia; o__Clostridiales; f__Ruminococcaceae; g__Faecalibacterium; s__prausnitzii,0.999986584102526,16,"BB,BG,GAM,feces"
d2c4f8eca4bc162b9501b745b423a7c4,k__Bacteria; p__Actinobacteria; c__Coriobacteriia; o__Coriobacteriales; f__Coriobacteriaceae; g__; s__,0.98668079244696,16,"LB,TB,feces"
f4072495ca47da6649cdead23739c84d,k__Bacteria; p__Firmicutes; c__Clostridia; o__Clostridiales; f__Lachnospiraceae; g__Roseburia; s__faecis,0.782352066977178,16,"BG,GAM,MRS,RCM,feces,liver"
5b7d969d621dc9de3ba5eac18f4018f4,k__Bacteria; p__Actinobacteria; c__Coriobacteriia; o__Coriobacteriales; f__Coriobacteriaceae; g__Slackia; s__,0.994476140122134,16,"BHI,feces,liver"
ffec5166af5738c1d228ba574d325380,k__Bacteria; p__Bacteroidetes; c__Bacteroidia; o__Bacteroidales; f__Prevotellaceae; g__Prevotella; s__copri,0.999998970175587,16,"MRS,feces"
24646f903382ae52da1b45805982e09f,k__Bacteria; p__Firmicutes; c__Clostridia; o__Clostridiales; f__Lachnospiraceae; g__Dorea; s__,0.850878985315088,17,"LB,feces"
8969bc2e58173c5b645d59c167584d71,k__Bacteria; p__Firmicutes; c__Clostridia; o__Clostridiales; f__Ruminococcaceae; g__Gemmiger; s__formicilis,0.854467740408706,17,"BB,feces"
ad7d9268a457d2052ea571a0f92cf242,k__Bacteria; p__Tenericutes; c__Mollicutes; o__RF39; f__; g__; s__,0.999999999882547,17,"BB,GMM,feces"
0bae11e18b7d5b6f905fcb2cecf94bcf,k__Bacteria; p__Firmicutes; c__Clostridia; o__Clostridiales; f__; g__; s__,0.999607023208174,17,"feces,liver"
23ec472c85df9054bf9425583c48ac63,k__Bacteria; p__Firmicutes; c__Clostridia; o__Clostridiales; f__Lachnospiraceae; g__Coprococcus; s__,0.998346897714817,17,"BB,BG,feces"
b6b86531ef8d5b24a2b1f0d0cbb40c76,k__Bacteria; p__Cyanobacteria; c__4C0d-2; o__YS2; f__; g__; s__,0.999999999999105,17,"BB,feces"
6db169339ee5897780e713c44784d74a,k__Bacteria; p__Firmicutes; c__Clostridia; o__Clostridiales; f__; g__; s__,0.99983709802197,17,"BB,feces,liver"
4c8484ee472ced85e71c7cf89d24ee94,k__Bacteria; p__Bacteroidetes; c__Bacteroidia; o__Bacteroidales; f__; g__; s__,0.93659958587495,17,"BB,feces,liver"
f046fa2a2a0f9f1ebb6b7824225a1d1d,k__Bacteria; p__Tenericutes; c__Mollicutes; o__RF39; f__; g__; s__,0.999999988223166,18,"BB,BG,feces,liver"
22c159771ea409e7a5cf617dae2ec8f0,k__Bacteria; p__Firmicutes; c__Clostridia; o__Clostridiales; f__; g__; s__,0.999673189597206,18,"BB,GMM,LB,MRS,RCM,feces,liver"
df37b62e507e32409df4885c1ad2ce14,k__Bacteria; p__Bacteroidetes; c__Bacteroidia; o__Bacteroidales; f__Bacteroidaceae; g__Bacteroides; s__,0.999999907148738,18,"BB,BG,BHI,GAM,LB,MRS,RCM,feces,liver"
04645342dcaccc29b2078b063aec6f81,k__Bacteria; p__Bacteroidetes; c__Bacteroidia; o__Bacteroidales; f__Prevotellaceae; g__Prevotella; s__copri,0.999997326681174,18,"BB,BG,BHI,GAM,LB,MRS,RCM,TB,feces,liver"
d2d50989427c4ff10aad49158dda66ef,k__Bacteria; p__Tenericutes; c__Mollicutes; o__RF39; f__; g__; s__,0.999999997087741,18,"GMM,LB,MRS,RCM,feces"
bfd40080f02b8988ba4ce4e2ecd5a3e4,k__Bacteria; p__Firmicutes; c__Clostridia; o__Clostridiales; f__Lachnospiraceae; g__; s__,0.884377168118875,18,"BB,GAM,TB,feces,liver"
8703e95fbf4d5c8fd088fb98382c5703,k__Bacteria; p__Proteobacteria; c__Betaproteobacteria; o__Burkholderiales; f__Alcaligenaceae; g__Sutterella; s__,0.998098629955082,18,"BB,BG,BHI,GAM,GMM,LB,MRS,RCM,TB,feces,liver"
465b59fcd7a05f0ca2cc7c41e8816fbf,k__Bacteria; p__Firmicutes; c__Clostridia; o__Clostridiales; f__Lachnospiraceae; g__Coprococcus; s__eutactus,0.999996350159374,18,"RCM,feces,liver"
0876151038534344cd9e870c08a523e3,k__Bacteria; p__Proteobacteria; c__Betaproteobacteria; o__Burkholderiales; f__Alcaligenaceae; g__Sutterella; s__,0.979067351062317,18,"BB,BG,BHI,GAM,GMM,LB,MRS,RCM,TB,feces,liver"
93f0871a7473e00d7e70877af2bb46ba,k__Bacteria; p__Firmicutes; c__Clostridia; o__Clostridiales; f__Lachnospiraceae; g__Coprococcus; s__,0.823388806374188,18,"GMM,feces,liver"
fbefd72518927b22ea57665a7868501d,k__Bacteria; p__Firmicutes; c__Clostridia; o__Clostridiales; f__Ruminococcaceae; g__Gemmiger; s__formicilis,0.853637689328153,18,"MRS,feces"
6121caf4647799c9c9b99c881535b69a,k__Bacteria; p__Firmicutes; c__Clostridia; o__Clostridiales; f__; g__; s__,0.999968012202304,18,"BG,feces,liver"
368f55fca73cc31f850e5e16b22e7e5e,k__Bacteria; p__Bacteroidetes; c__Bacteroidia; o__Bacteroidales; f__Bacteroidaceae; g__Bacteroides; s__,0.999999135864148,19,"BB,BG,BHI,GAM,GMM,RCM,feces"
8b414a059be1b8812e888b7c4d47bb2f,k__Bacteria; p__Firmicutes; c__Clostridia; o__Clostridiales; f__Ruminococcaceae; g__Ruminococcus; s__,0.999234627225703,19,"feces,liver"
99b1f53ba17848d8295ff8a4c047ce43,k__Bacteria; p__Bacteroidetes; c__Bacteroidia; o__Bacteroidales; f__[Odoribacteraceae]; g__Butyricimonas; s__,1,19,"BG,GAM,GMM,LB,TB,feces,liver"
aefb133c70bb57e67c558c826ca32e1d,k__Bacteria; p__Firmicutes; c__Clostridia; o__Clostridiales; f__Lachnospiraceae; g__Blautia; s__,0.999884149004456,19,"GAM,RCM,feces"
c59e293cf3c7278f4521bedf9a2405ef,k__Bacteria; p__Firmicutes; c__Clostridia; o__Clostridiales; f__Lachnospiraceae; g__Coprococcus; s__,0.957269865852716,19,"BG,feces,liver"
e556ee18a9178a7e7c03b0a8d5042772,k__Bacteria; p__Bacteroidetes; c__Bacteroidia; o__Bacteroidales; f__[Barnesiellaceae]; g__; s__,0.999084986631029,19,"BB,BG,BHI,GAM,LB,feces"
756e9c33696716a5484135c832f18f12,k__Bacteria; p__Firmicutes; c__Clostridia; o__Clostridiales; f__Ruminococcaceae; g__Ruminococcus; s__,0.999831118018759,19,"BG,BHI,GMM,feces,liver"
7652ccdd5e6b26735193e6ff07ffb7a4,k__Bacteria; p__Firmicutes; c__Clostridia; o__Clostridiales; f__Lachnospiraceae; g__Blautia; s__,0.999904565870553,19,"BHI,GAM,RCM,feces"
d5cbe1dcce62ca53c3fac4c817975aa7,k__Bacteria; p__Firmicutes; c__Clostridia; o__Clostridiales; f__Lachnospiraceae; g__Blautia; s__,0.998471877094095,19,"MRS,RCM,feces"
392daab1750ef4e10382bead5bbdece3,k__Bacteria; p__Firmicutes; c__Clostridia; o__Clostridiales; f__Lachnospiraceae; g__Roseburia,0.999288503652757,19,"BG,GAM,RCM,feces,liver"
8fbe1c40397c6fc6b3c502f05b27312d,k__Bacteria; p__Bacteroidetes; c__Bacteroidia; o__Bacteroidales; f__[Odoribacteraceae]; g__Butyricimonas; s__,1,19,"BB,BG,GMM,LB,MRS,RCM,TB,feces,liver"
afbe51e5463ffacada806a5b38f701f6,k__Bacteria; p__Firmicutes; c__Clostridia; o__Clostridiales; f__Lachnospiraceae; g__Lachnospira; s__,0.999991792005736,19,"feces,liver"
e502ebea2a54a6f839d310d6d57e7d47,k__Bacteria; p__Fusobacteria; c__Fusobacteriia; o__Fusobacteriales; f__Fusobacteriaceae; g__Fusobacterium; s__,0.999999966764009,19,"BB,LB,MRS,feces"
74a6b2d8faae4662532b0e4123964dac,k__Bacteria; p__Tenericutes; c__Mollicutes; o__RF39; f__; g__; s__,0.999999797047415,20,"BG,feces"
58529dd65c9373ab07909325cc829705,k__Bacteria; p__Bacteroidetes; c__Bacteroidia; o__Bacteroidales; f__[Paraprevotellaceae]; g__[Prevotella]; s__,0.999999998557655,20,"BB,BG,RCM,feces"
2efb2f1e5f8793b60c986ab74c6c9df9,k__Bacteria; p__Firmicutes; c__Clostridia; o__Clostridiales; f__Ruminococcaceae; g__Oscillospira; s__,0.998766072280513,20,"BHI,TB,feces"
ba73bff021c7e429a1718391a70498b8,k__Bacteria; p__Bacteroidetes; c__Bacteroidia; o__Bacteroidales; f__Prevotellaceae; g__Prevotella; s__copri,0.999997372997879,20,"BB,BG,BHI,GAM,GMM,LB,MRS,RCM,feces,liver"
b044a86e33a67caceb0a9f59149747ac,k__Bacteria; p__Firmicutes; c__Clostridia; o__Clostridiales; f__; g__; s__,0.924988346539476,20,"BG,feces"
45158693222383612f0b6b469c0be1fe,k__Bacteria; p__Bacteroidetes; c__Bacteroidia; o__Bacteroidales; f__[Paraprevotellaceae]; g__[Prevotella]; s__,0.999999999586692,20,"LB,feces"
5654714fd17021f92582b02756943a86,k__Bacteria; p__Firmicutes; c__Clostridia; o__Clostridiales; f__; g__; s__,0.996705842101813,20,"BG,feces"
f71275613df1289a2f1e395b2f29c4be,k__Bacteria; p__Bacteroidetes; c__Bacteroidia; o__Bacteroidales; f__Prevotellaceae; g__Prevotella; s__copri,0.999996134952562,20,"GAM,feces"
d8e3bb4112a1dcb990149274f5ff9046,k__Bacteria; p__Firmicutes; c__Clostridia; o__Clostridiales; f__Lachnospiraceae; g__Coprococcus; s__,0.998780226077454,20,"BG,RCM,feces"
804392875955b7813407aaa02cee9c19,k__Bacteria; p__Firmicutes; c__Clostridia; o__Clostridiales; f__; g__; s__,0.965068740283945,20,"BB,BG,RCM,feces,liver"
2798413ca77bff01b9e99634755bfe3d,k__Bacteria; p__Bacteroidetes; c__Bacteroidia; o__Bacteroidales; f__S24-7; g__; s__,0.99999657292577,20,"GAM,feces,liver"
e74a5cb3fbe028ec4c07f35adf4ecdc5,k__Bacteria; p__Bacteroidetes; c__Bacteroidia; o__Bacteroidales; f__[Barnesiellaceae]; g__; s__,0.999735514983338,20,"BB,TB,feces"
cbc7e1ded30d9a5a5921eb022daf9060,k__Bacteria; p__Firmicutes; c__Erysipelotrichi; o__Erysipelotrichales; f__Erysipelotrichaceae; g__Catenibacterium; s__,0.999607299906519,20,"BB,BG,BHI,GAM,GMM,LB,MRS,RCM,TB,feces,liver"
31e3f64d5d2212f7d32e2dc3e2142ff3,k__Bacteria; p__Firmicutes; c__Erysipelotrichi; o__Erysipelotrichales; f__Erysipelotrichaceae; g__Catenibacterium; s__,0.99783308977575,20,"BG,BHI,GAM,GMM,MRS,RCM,TB,feces"
7fd072aff74564746d11ca0c54ee6ae2,k__Bacteria; p__Tenericutes; c__RF3; o__ML615J-28; f__; g__; s__,0.99999930403817,20,"BG,feces"
c994a2772a648316e21e664e3a878e80,k__Bacteria; p__Bacteroidetes; c__Bacteroidia; o__Bacteroidales; f__Prevotellaceae; g__Prevotella; s__copri,0.999973963475382,20,"BG,MRS,RCM,feces"
b6e5ad51de789e3824ab1b61ecb677be,k__Bacteria; p__Tenericutes; c__Mollicutes; o__RF39; f__; g__; s__,0.999999999998266,20,"BG,RCM,TB,feces,liver"
91f4e69347337f2403fa5183f105ab76,k__Bacteria; p__Bacteroidetes; c__Bacteroidia; o__Bacteroidales; f__Bacteroidaceae; g__Bacteroides,0.999999997032087,20,"BB,BG,GAM,RCM,feces"
0aef3952d1153281af439a9814dd012e,k__Bacteria; p__Firmicutes; c__Clostridia; o__Clostridiales; f__Ruminococcaceae; g__; s__,0.990118637357481,20,"BB,BG,RCM,TB,feces,liver"
0a8f6e74365b38fabece87fbf112b48d,k__Bacteria; p__Tenericutes; c__Mollicutes; o__RF39; f__; g__; s__,0.999999970681515,20,"BG,GMM,feces"
d6f0b2f1ce62fd3a3e75504667e99a58,k__Bacteria; p__Bacteroidetes; c__Bacteroidia; o__Bacteroidales; f__Prevotellaceae; g__Prevotella; s__,0.99998806901781,20,"BB,BG,BHI,GAM,GMM,LB,MRS,RCM,TB,feces"
a471645f99a79630b8b3299997bf7a33,k__Bacteria; p__Bacteroidetes; c__Bacteroidia; o__Bacteroidales; f__Prevotellaceae; g__Prevotella; s__copri,0.999998097169259,20,"BB,BG,BHI,GAM,GMM,LB,MRS,RCM,feces"
26066ae036761fd998e99c0f1128ea78,k__Bacteria; p__Firmicutes; c__Erysipelotrichi; o__Erysipelotrichales; f__Erysipelotrichaceae; g__[Eubacterium]; s__biforme,0.999999999991204,20,"BG,RCM,feces,liver"
8ad6a2d9f5bbf6604ae0392c3b7e669b,k__Bacteria; p__Firmicutes; c__Clostridia; o__Clostridiales; f__Lachnospiraceae; g__Butyrivibrio; s__,0.999494636737419,20,"BB,BG,GAM,RCM,feces"
9681441ad736892c2455edc6d137eac1,k__Bacteria; p__Firmicutes; c__Clostridia; o__Clostridiales; f__Ruminococcaceae; g__; s__,0.992849048566657,20,"BG,feces"
560b5a909bcd180523d8a636e4b72d07,k__Bacteria; p__Firmicutes; c__Clostridia; o__Clostridiales; f__Peptococcaceae; g__rc4-4; s__,0.999999711480568,20,"GMM,RCM,TB,feces"
